model,model_full,model_size,accuracy,precision,recall,f1,fpr,fnr,tp,tn,fp,fn,avg_latency,total,temperature,sample_size
google_gemma-3-4b,google/gemma-3-4b,4.0,0.7125,0.6679841897233202,0.8535353535353535,0.7494456762749445,0.42,0.14646464646464646,169,116,84,29,2.44568052649498,400,0.1,400
ibm_granite-4-h-tiny,ibm/granite-4-h-tiny,4.0,0.585,0.6098484848484849,0.8214285714285714,0.7000000000000001,0.5852272727272727,0.17857142857142858,161,73,103,35,2.3115645277500154,400,0.1,400
liquid_lfm2-1.2b,liquid/lfm2-1.2b,1.2,0.34,0.4095238095238095,0.5149700598802395,0.4562334217506631,0.7126436781609196,0.48502994011976047,86,50,124,81,2.22046317756176,400,0.1,400
phi-4-mini-reasoning_seed42_1763910028,microsoft/phi-4-mini-reasoning,4.0,0.09,0.4444444444444444,0.26666666666666666,0.33333333333333337,0.13513513513513514,0.7333333333333333,4,32,5,11,55.48528385519981,400,0.1,400
qwen_qwen3-1.7b,qwen/qwen3-1.7b,1.7,0.56,0.5869565217391305,0.413265306122449,0.48502994011976047,0.285,0.5867346938775511,81,143,57,115,13.52451581120491,400,0.1,400
qwen_qwen3-4b-2507,qwen/qwen3-4b-2507,4.0,0.86,0.9044943820224719,0.8090452261306532,0.8541114058355437,0.085,0.19095477386934673,161,183,17,38,1.8692622697353363,400,0.1,400
qwen_qwen3-8b_seed42_1763918285,qwen/qwen3-8b,8.0,0.8625,0.8877005347593583,0.8341708542713567,0.8601036269430052,0.105,0.1658291457286432,166,179,21,33,2.9322172486782074,400,0.1,400
